column,n_acl,n_mlki,mean_acl,mean_mlki,t_stat,p_value
contact_area_mm2,430,149,244.53500168604654,125.67736004697987,6.995142667952844,1.6664190092761506e-11
avg_bml_mm3_per_slice,430,149,3907.13537327907,5217.765396026846,-4.906500214412423,1.7366513482774278e-06
avg_thickness_mm,430,149,1.7129346093023254,1.7355523557046981,-1.9963870731099456,0.04698261096346077
